Dataset,F1 Score,Precision,Recall,Anomalies
swat,0.7160514242050089,0.8538327846461122,0.6405185547155711,0.1221
swat_10,0.6112748912124881,0.6453203445401051,0.6646742318506382,0.1221
swat_30,0.6872899904490021,0.7893363166516456,0.647854845561017,0.1221
swat_50,0.6966979873982343,0.7946420019757505,0.6691344539514938,0.1221
swat_70,0.6872770009464411,0.7791948103299442,0.660183668102838,0.1221
swat_90,0.7124374631702072,0.8315740772527056,0.6611141452758056,0.1221
